{
  "timestamp": "2026-06-11 23:55:43",
  "n_factors_total": 21,
  "n_after_coverage": 12,
  "n_after_collinearity": 9,
  "all_ic": {
    "ret_1d": {
      "ic_mean": -0.008477297924707817,
      "ic_std": 0.3030598713211121,
      "ic_ir": -0.027972353739058892,
      "ic_win_rate": 0.5042881646655232
    },
    "ret_3d": {
      "ic_mean": -0.011270194682995905,
      "ic_std": 0.295424516415908,
      "ic_ir": -0.038149151667322585,
      "ic_win_rate": 0.4991394148020654
    },
    "ret_5d": {
      "ic_mean": 0.0033952187814690815,
      "ic_std": 0.3140758686423864,
      "ic_ir": 0.010810186711080791,
      "ic_win_rate": 0.5215889464594128
    },
    "ret_10d": {
      "ic_mean": 0.014296829539725183,
      "ic_std": 0.34344359406965175,
      "ic_ir": 0.04162788238474388,
      "ic_win_rate": 0.5174216027874564
    },
    "ret_20d": {
      "ic_mean": 0.020516398315406918,
      "ic_std": 0.3677580262994999,
      "ic_ir": 0.05578776491120955,
      "ic_win_rate": 0.5230496453900709
    },
    "ret_60d": {
      "ic_mean": 0.020239429933506733,
      "ic_std": 0.3625285032533891,
      "ic_ir": 0.055828520383569384,
      "ic_win_rate": 0.5362595419847328
    },
    "mom_skip_1d": {
      "ic_mean": 0.008063421220003147,
      "ic_std": 0.3127148766348038,
      "ic_ir": 0.025785217853322055,
      "ic_win_rate": 0.5077720207253886
    },
    "momentum_decay": {
      "ic_mean": 0.011516682786346006,
      "ic_std": 0.17678848875028813,
      "ic_ir": 0.06514384996306631,
      "ic_win_rate": 0.5567375886524822
    },
    "vol_adj_return_20d": {
      "ic_mean": 0.02847966495104141,
      "ic_std": 0.31639988714575373,
      "ic_ir": 0.09001161538948932,
      "ic_win_rate": 0.5425531914893617
    },
    "rev_1d": {
      "ic_mean": 0.007548965653076062,
      "ic_std": 0.30390939764176356,
      "ic_ir": 0.02483952688417515,
      "ic_win_rate": 0.4948630136986301
    },
    "rev_5d": {
      "ic_mean": -0.0033952187814690815,
      "ic_std": 0.3140758686423864,
      "ic_ir": -0.010810186711080791,
      "ic_win_rate": 0.4784110535405872
    },
    "ma5_ma20_diff": {
      "ic_mean": 0.031603163378251475,
      "ic_std": 0.35240189880119344,
      "ic_ir": 0.08967932206313199,
      "ic_win_rate": 0.5327433628318584
    },
    "rsi_14": {
      "ic_mean": 0.034840059540203784,
      "ic_std": 0.2899888008910936,
      "ic_ir": 0.12014277597322837,
      "ic_win_rate": 0.5586690017513135
    },
    "boll_pos": {
      "ic_mean": 0.010692094930853754,
      "ic_std": 0.2763853411594638,
      "ic_ir": 0.03868546315082906,
      "ic_win_rate": 0.511504424778761
    },
    "macd_hist": {
      "ic_mean": 0.01931562515822702,
      "ic_std": 0.2892318082913139,
      "ic_ir": 0.06678250664177417,
      "ic_win_rate": 0.5376712328767124
    },
    "ma_trend_score": {
      "ic_mean": 0.030764896557177675,
      "ic_std": 0.23574036571555626,
      "ic_ir": 0.13050330376724079,
      "ic_win_rate": 0.5496575342465754
    },
    "avg_amount_20d": {
      "ic_mean": -0.013384889425407338,
      "ic_std": 0.08569701702635625,
      "ic_ir": -0.15618851028724598,
      "ic_win_rate": 0.4554794520547945
    },
    "avg_volume_20d": {
      "ic_mean": -0.014281336456441533,
      "ic_std": 0.13565354974560248,
      "ic_ir": -0.10527801508492773,
      "ic_win_rate": 0.464041095890411
    },
    "main_net_5d": {
      "ic_mean": -0.010822999870359161,
      "ic_std": 0.10569944235241194,
      "ic_ir": -0.10239410567819512,
      "ic_win_rate": 0.4706896551724138
    },
    "main_net_20d": {
      "ic_mean": -0.011967249519894311,
      "ic_std": 0.09086741703899277,
      "ic_ir": -0.13170011770840762,
      "ic_win_rate": 0.4584070796460177
    },
    "volatility_60d": {
      "ic_mean": 0.007895533225039058,
      "ic_std": 0.3961859214534547,
      "ic_ir": 0.019928858643117265,
      "ic_win_rate": 0.5132743362831859
    }
  },
  "selected_factors": [
    "avg_amount_20d",
    "ma_trend_score",
    "rsi_14",
    "avg_volume_20d",
    "vol_adj_return_20d",
    "macd_hist",
    "momentum_decay",
    "ret_60d",
    "ret_20d"
  ],
  "layer_backtest": {
    "avg_amount_20d": {
      "annual_ret": 0.002878679458655529,
      "win_rate": 0.4897260273972603,
      "ic_mean": -0.013384889425407338
    },
    "ma_trend_score": {
      "annual_ret": 0.11008648651141596,
      "win_rate": 0.6363636363636364,
      "ic_mean": 0.030764896557177675
    },
    "rsi_14": {
      "annual_ret": 0.12485028394399486,
      "win_rate": 0.5411558669001751,
      "ic_mean": 0.034840059540203784
    },
    "avg_volume_20d": {
      "annual_ret": 0.013054615588061771,
      "win_rate": 0.5102739726027398,
      "ic_mean": -0.014281336456441533
    },
    "vol_adj_return_20d": {
      "annual_ret": 0.11965589954758434,
      "win_rate": 0.5319148936170213,
      "ic_mean": 0.02847966495104141
    },
    "macd_hist": {
      "annual_ret": 0.07330919147293172,
      "win_rate": 0.5283018867924528,
      "ic_mean": 0.01931562515822702
    },
    "momentum_decay": {
      "annual_ret": 0.02882996218519644,
      "win_rate": 0.5567375886524822,
      "ic_mean": 0.011516682786346006
    },
    "ret_60d": {
      "annual_ret": 0.05407829943441235,
      "win_rate": 0.5515267175572519,
      "ic_mean": 0.020239429933506733
    },
    "ret_20d": {
      "annual_ret": 0.13965203784656835,
      "win_rate": 0.5372340425531915,
      "ic_mean": 0.020516398315406918
    }
  }
}