{
  "V5基础": {
    "wr1": 50.588235294117645,
    "avg1": 0.39008272097183283,
    "n1": 85,
    "wr3": 63.29113924050633,
    "avg3": 0.9011836754651913,
    "n3": 79,
    "wr5": 47.76119402985074,
    "avg5": -0.12748394425204618,
    "n5": 67,
    "score3": 41.579418246164565
  },
  "V5+V6ML": {
    "wr1": 50.588235294117645,
    "avg1": 0.3900827209718328,
    "n1": 85,
    "wr3": 63.29113924050633,
    "avg3": 0.9011836754651913,
    "n3": 79,
    "wr5": 47.76119402985074,
    "avg5": -0.12748394425204618,
    "n5": 67,
    "score3": 41.579418246164565
  }
}