{
  "V5原始": {
    "wr1": 50.588235294117645,
    "avg1": 0.39008272097183283,
    "n1": 85,
    "wr3": 63.29113924050633,
    "avg3": 0.9011836754651913,
    "n3": 79,
    "wr5": 47.76119402985074,
    "avg5": -0.12748394425204618,
    "n5": 67,
    "score3": 41.579418246164565
  },
  "V5放宽": {
    "wr1": 47.59080800593032,
    "avg1": 0.11598061654573798,
    "n1": 1349,
    "wr3": 50.338600451467265,
    "avg3": 0.40116038044540675,
    "n3": 1329,
    "wr5": 50.03819709702063,
    "avg5": 0.4889406341815405,
    "n5": 1309,
    "score3": 31.807801792661984
  },
  "V5放宽+ML": {
    "wr1": 46.84951816160118,
    "avg1": 0.0746007238971272,
    "n1": 1349,
    "wr3": 50.338600451467265,
    "avg3": 0.44007685757146164,
    "n3": 1329,
    "wr5": 50.87853323147441,
    "avg5": 0.8529077026009407,
    "n5": 1309,
    "score3": 31.963467701166202
  }
}