{
  "V4": {
    "wr1": 41.69117647058824,
    "avg1": -0.2963852102912296,
    "n1": 1360,
    "wr3": 40.52238805970149,
    "avg3": -0.5805651943506717,
    "n3": 1340,
    "wr5": 38.78787878787879,
    "avg5": -0.8062839995719264,
    "n5": 1320,
    "score3": 21.991172058418208
  },
  "V5基础": {
    "wr1": 50.588235294117645,
    "avg1": 0.39008272097183283,
    "n1": 85,
    "wr3": 63.29113924050633,
    "avg3": 0.9011836754651913,
    "n3": 79,
    "wr5": 47.76119402985074,
    "avg5": -0.12748394425204618,
    "n5": 67,
    "score3": 41.579418246164565
  },
  "V5+ML@0.55": {
    "wr1": 50.588235294117645,
    "avg1": 0.39008272097183283,
    "n1": 85,
    "wr3": 63.29113924050633,
    "avg3": 0.9011836754651913,
    "n3": 79,
    "wr5": 47.76119402985074,
    "avg5": -0.12748394425204618,
    "n5": 67,
    "score3": 41.579418246164565
  },
  "V5+ML@0.60": {
    "wr1": 50.588235294117645,
    "avg1": 0.39008272097183283,
    "n1": 85,
    "wr3": 63.29113924050633,
    "avg3": 0.9011836754651913,
    "n3": 79,
    "wr5": 47.76119402985074,
    "avg5": -0.12748394425204618,
    "n5": 67,
    "score3": 41.579418246164565
  }
}