{
  "feature_cols": [
    "pct_chg",
    "turnover_rate",
    "volume_ratio",
    "vol_5d",
    "vol_10d",
    "vol_20d",
    "ma5_ma10_ratio",
    "ma10_ma20_ratio",
    "price_ma5_ratio",
    "price_ma20_ratio",
    "chg_3d",
    "chg_5d",
    "chg_10d",
    "chg_20d",
    "vol_trend",
    "pos_52w",
    "rps_20",
    "rps_change",
    "up_ratio_5d",
    "up_ratio_10d",
    "vol_pct_corr",
    "ma_pattern",
    "macd_diff",
    "macd_signal_line",
    "macd_hist",
    "rsi_14",
    "main_net_ratio",
    "main_net_ma5",
    "main_net_ma10",
    "main_trend",
    "main_streak",
    "main_vs_retail",
    "lg_ratio",
    "main_cum5",
    "main_cum10",
    "main_accel_3d",
    "smart_div_count",
    "main_inflow_ratio",
    "main_flow_accel",
    "idx_ma5_ratio",
    "idx_ma20_ratio",
    "idx_ma60_ratio",
    "idx_pct_5d",
    "idx_pct_20d",
    "idx_vol_10d",
    "idx_vol_20d",
    "idx_trend",
    "ma_spread",
    "vol_price_corr_10d",
    "gap_ratio",
    "gap_retention",
    "amihud",
    "amihud_ma5",
    "vol_price_divergence",
    "vol_price_div_10d",
    "ma_spread_stock"
  ],
  "global_medians": {
    "pct_chg": 0.1174,
    "turnover_rate": 3.1296,
    "volume_ratio": 0.9394,
    "vol_5d": 2.3342763990041795,
    "vol_10d": 2.5486208256405836,
    "vol_20d": 2.7177413016619223,
    "ma5_ma10_ratio": 1.003827227993439,
    "ma10_ma20_ratio": 1.0062297839376162,
    "price_ma5_ratio": 1.002809785631579,
    "price_ma20_ratio": 1.0135580922363534,
    "chg_3d": 0.004231311706629048,
    "chg_5d": 0.007523725390134239,
    "chg_10d": 0.016136693867014773,
    "chg_20d": 0.029517316611093247,
    "vol_trend": 1.0176930258724277,
    "pos_52w": 0.6561679790026246,
    "rps_20": 52.81,
    "rps_change": 0.0,
    "up_ratio_5d": 0.6,
    "up_ratio_10d": 0.5,
    "vol_pct_corr": 0.41160146856180924,
    "ma_pattern": 1.0,
    "macd_diff": 0.005911404589328578,
    "macd_signal_line": 0.005032809534028805,
    "macd_hist": 0.0009773329809326416,
    "rsi_14": 54.320987654321,
    "main_net_ratio": -1.3577437312903896e-06,
    "main_net_ma5": -1.38879997022079e-06,
    "main_net_ma10": -1.4579891207776247e-06,
    "main_trend": 0.9899908934991317,
    "main_streak": 2.0,
    "main_vs_retail": -2.5918203391840256e-06,
    "lg_ratio": 0.5330911242532375,
    "main_cum5": -6.943999851103949e-06,
    "main_cum10": -1.4579891207776246e-05,
    "main_accel_3d": 9.745124362686513e-08,
    "smart_div_count": 0.0,
    "main_inflow_ratio": 4.2733060190269505,
    "main_flow_accel": 0.02275110352553699,
    "idx_ma5_ratio": 0.0025721074760360896,
    "idx_ma20_ratio": 0.008240106959212845,
    "idx_ma60_ratio": 0.021669639301757915,
    "idx_pct_5d": 0.005166200394032261,
    "idx_pct_20d": 0.01735859791350869,
    "idx_vol_10d": 0.7012889799029588,
    "idx_vol_20d": 0.7617946331905296,
    "idx_trend": 1.0,
    "ma_spread": -0.005815104342345778,
    "vol_price_corr_10d": 0.312362368861499,
    "gap_ratio": 0.0,
    "gap_retention": -0.10000000000001422,
    "amihud": 0.5216414549623463,
    "amihud_ma5": 0.5977063040945143,
    "vol_price_divergence": 0.007784388183667338,
    "vol_price_div_10d": 0.012542667919702908,
    "ma_spread_stock": -0.010208213626178075
  },
  "model_paths": {
    "bull": "/Users/mozengfu/workspace/quant-system/data/ml_stock_model_v4_bull.pkl",
    "sideways": "/Users/mozengfu/workspace/quant-system/data/ml_stock_model_v4_sideways.pkl",
    "bear": "/Users/mozengfu/workspace/quant-system/data/ml_stock_model_v4_bear.pkl"
  },
  "model_type": "binary_classification",
  "label_type": "bipolar_cross_section",
  "regime_models": [
    "bull",
    "sideways",
    "bear"
  ],
  "validation_strategy": "walk_forward",
  "trained_at": "2026-04-29T05:52:08.033602"
}