{
  "feature_cols": [
    "pct_chg",
    "turnover_rate",
    "volume_ratio",
    "vol_5d",
    "vol_10d",
    "vol_20d",
    "ma5_ma10_ratio",
    "ma10_ma20_ratio",
    "price_ma5_ratio",
    "price_ma20_ratio",
    "chg_3d",
    "chg_5d",
    "chg_10d",
    "vol_trend",
    "pos_52w",
    "rps_20",
    "rps_change",
    "up_ratio_5d",
    "up_ratio_10d",
    "vol_pct_corr",
    "ma_pattern",
    "macd_diff",
    "macd_signal_line",
    "macd_hist",
    "rsi_14",
    "main_net_ratio",
    "main_net_ma5",
    "main_net_ma10",
    "main_trend",
    "main_streak",
    "main_vs_retail",
    "lg_ratio",
    "main_cum5",
    "main_cum10",
    "main_accel_3d",
    "smart_div_count",
    "idx_ma5_ratio",
    "idx_ma20_ratio",
    "idx_pct_5d",
    "idx_vol_10d",
    "idx_trend",
    "vol_price_corr_10d",
    "gap_ratio",
    "gap_retention",
    "amihud",
    "amihud_ma5",
    "pe_ttm",
    "pb",
    "dv_ttm",
    "ln_mv"
  ],
  "global_medians": {
    "pct_chg": 0.0,
    "turnover_rate": 2.3153,
    "volume_ratio": 0.9354,
    "vol_5d": 1.8582517819176143,
    "vol_10d": 2.069764354387432,
    "vol_20d": 2.2222031494606442,
    "ma5_ma10_ratio": 1.0007816571130796,
    "ma10_ma20_ratio": 1.0016423150979725,
    "price_ma5_ratio": 1.0,
    "price_ma20_ratio": 1.001111316910539,
    "chg_3d": 0.0003971800257609459,
    "chg_5d": 0.0013633265167007913,
    "chg_10d": 0.004324908771455638,
    "vol_trend": 1.0107351792469612,
    "pos_52w": 0.55939375678675,
    "rps_20": 50.57,
    "rps_change": 0.0,
    "up_ratio_5d": 0.4,
    "up_ratio_10d": 0.5,
    "vol_pct_corr": 0.3384123078881718,
    "ma_pattern": 1.0,
    "macd_diff": 0.0009267177475307793,
    "macd_signal_line": 0.0007611146822995032,
    "macd_hist": 0.00021557559406995032,
    "rsi_14": 51.351351351351326,
    "main_net_ratio": -1.5421162897030061e-06,
    "main_net_ma5": -1.5635068739110316e-06,
    "main_net_ma10": -1.5877200299856903e-06,
    "main_trend": 0.999012331309217,
    "main_streak": 2.0,
    "main_vs_retail": -2.9740826492558337e-06,
    "lg_ratio": 0.47468585369089866,
    "main_cum5": -7.817534369555158e-06,
    "main_cum10": -1.5877200299856905e-05,
    "main_accel_3d": 3.045938372605939e-08,
    "smart_div_count": 0.0,
    "idx_ma5_ratio": 0.002413865757559197,
    "idx_ma20_ratio": 0.010153576811622766,
    "idx_pct_5d": 0.005166200394032261,
    "idx_vol_10d": 0.6489870740024198,
    "idx_trend": 1.0,
    "vol_price_corr_10d": 0.25577401405014333,
    "gap_ratio": 0.0,
    "gap_retention": -0.055555555555554456,
    "amihud": 0.5690625243132874,
    "amihud_ma5": 0.6363900870343306,
    "pe_ttm": 44.711299999999994,
    "pb": 2.78955,
    "dv_ttm": 0.9914,
    "ln_mv": 13.51382897214828
  },
  "model_path": "/Users/mozengfu/workspace/quant-system/data/ml_stock_model_v3.pkl",
  "model_type": "binary_classification",
  "label_type": "cross_section_rank",
  "validation_strategy": "walk_forward"
}